hid,date,state,type,session_year
1,2015-01-07,CA,Informational,2015
15,2015-01-14,CA,Informational,2015
20,2015-01-13,CA,Informational,2015
21,2015-01-15,CA,Informational,2015
22,2015-01-21,CA,Informational,2015
23,2015-01-22,CA,Informational,2015
25,2015-01-20,CA,Informational,2015
29,2015-02-11,CA,Informational,2015
30,2015-01-21,CA,Informational,2015
31,2015-02-02,CA,Informational,2015
32,2015-02-11,CA,Informational,2015
33,2015-02-17,CA,Budget,2015
35,2015-02-12,CA,Informational,2015
36,2015-02-10,CA,Regular,2015
37,2015-02-17,CA,Informational,2015
38,2015-02-17,CA,Informational,2015
39,2015-02-04,CA,Informational,2015
40,2015-02-11,CA,Informational,2015
41,2015-02-18,CA,Informational,2015
42,2015-02-18,CA,Informational,2015
43,2015-02-18,CA,Informational,2015
44,2015-02-18,CA,Budget,2015
45,2015-02-04,CA,Informational,2015
46,2015-02-18,CA,Informational,2015
48,2015-02-23,CA,Informational,2015
49,2015-02-23,CA,Budget,2015
50,2015-02-10,CA,Informational,2015
51,2015-02-24,CA,Informational,2015
52,2015-02-24,CA,Informational,2015
53,2015-02-24,CA,Informational,2015
54,2015-02-25,CA,Informational,2015
55,2015-02-26,CA,Informational,2015
56,2015-02-25,CA,Informational,2015
59,2015-02-25,CA,Informational,2015
60,2015-02-20,CA,Informational,2015
61,2015-03-02,CA,Budget,2015
62,2015-03-03,CA,Informational,2015
63,2015-03-03,CA,Budget,2015
65,2015-03-04,CA,Informational,2015
68,2015-03-04,CA,Informational,2015
69,2015-03-04,CA,Informational,2015
70,2015-03-04,CA,Budget,2015
71,2015-03-05,CA,Budget,2015
72,2015-03-03,CA,Regular,2015
73,2015-03-03,CA,Budget,2015
74,2015-03-04,CA,Informational,2015
75,2015-03-10,CA,Regular,2015
76,2015-03-10,CA,Regular,2015
77,2015-03-11,CA,Regular,2015
78,2015-03-11,CA,Informational,2015
79,2015-03-10,CA,Budget,2015
80,2015-03-10,CA,Budget,2015
81,2015-03-10,CA,Informational,2015
82,2015-03-10,CA,Informational,2015
83,2015-03-11,CA,Informational,2015
84,2015-03-11,CA,Budget,2015
85,2015-03-11,CA,Informational,2015
86,2015-03-11,CA,Budget,2015
87,2015-03-11,CA,Informational,2015
88,2015-03-18,CA,Regular,2015
89,2015-03-18,CA,Informational,2015
91,2015-03-12,CA,Budget,2015
92,2015-03-12,CA,Budget,2015
93,2015-03-23,CA,Regular,2015
94,2015-03-16,CA,Informational,2015
95,2015-03-16,CA,Informational,2015
96,2015-03-25,CA,Budget,2015
97,2015-03-25,CA,Regular,2015
98,2015-03-25,CA,Regular,2015
99,2015-03-24,CA,Regular,2015
100,2015-03-17,CA,Informational,2015
101,2015-03-17,CA,Informational,2015
102,2015-03-17,CA,Informational,2015
103,2015-03-17,CA,Regular,2015
104,2015-03-17,CA,Regular,2015
105,2015-03-17,CA,Informational,2015
106,2015-03-17,CA,Budget,2015
107,2015-04-06,CA,Regular,2015
108,2015-03-24,CA,Budget,2015
109,2015-04-06,CA,Regular,2015
111,2015-04-06,CA,Informational,2015
112,2015-04-07,CA,Regular,2015
113,2015-04-07,CA,Regular,2015
114,2015-04-07,CA,Regular,2015
115,2015-04-07,CA,Regular,2015
116,2015-04-07,CA,Regular,2015
117,2015-04-08,CA,Regular,2015
118,2015-04-08,CA,Regular,2015
119,2015-04-08,CA,Regular,2015
120,2015-04-07,CA,Regular,2015
121,2015-04-08,CA,Informational,2015
122,2015-04-07,CA,Informational,2015
123,2015-04-07,CA,Regular,2015
124,2015-03-18,CA,Informational,2015
125,2015-03-18,CA,Informational,2015
126,2015-03-18,CA,Regular,2015
127,2015-03-18,CA,Budget,2015
128,2015-03-18,CA,Regular,2015
129,2015-03-23,CA,Regular,2015
130,2015-04-13,CA,Regular,2015
131,2015-04-15,CA,Regular,2015
132,2015-04-15,CA,Regular,2015
133,2015-04-15,CA,Budget,2015
134,2015-04-08,CA,Regular,2015
135,2015-04-08,CA,Regular,2015
136,2015-04-09,CA,Informational,2015
137,2015-04-14,CA,Regular,2015
138,2015-03-25,CA,Budget,2015
139,2015-03-25,CA,Regular,2015
140,2015-04-16,CA,Budget,2015
141,2015-04-15,CA,Regular,2015
142,2015-04-21,CA,Regular,2015
143,2015-04-20,CA,Regular,2015
144,2015-03-25,CA,Informational,2015
145,2015-04-16,CA,Budget,2015
148,2015-04-13,CA,Regular,2015
149,2015-03-25,CA,Informational,2015
150,2015-04-22,CA,Budget,2015
151,2015-04-21,CA,Regular,2015
152,2015-04-22,CA,Regular,2015
153,2015-04-09,CA,Budget,2015
154,2015-04-13,CA,Regular,2015
155,2015-04-14,CA,Regular,2015
156,2015-04-21,CA,Regular,2015
157,2015-04-22,CA,Regular,2015
158,2015-04-21,CA,Regular,2015
159,2015-04-20,CA,Regular,2015
160,2015-03-25,CA,Informational,2015
161,2015-04-22,CA,Regular,2015
163,2015-04-27,CA,Regular,2015
164,2015-04-22,CA,Informational,2015
165,2015-04-22,CA,Regular,2015
166,2015-04-28,CA,Regular,2015
167,2015-04-27,CA,Regular,2015
168,2015-04-27,CA,Regular,2015
169,2015-04-23,CA,Budget,2015
170,2015-04-23,CA,Budget,2015
171,2015-04-14,CA,Regular,2015
172,2015-04-14,CA,Regular,2015
173,2015-04-20,CA,Regular,2015
174,2015-04-27,CA,Regular,2015
176,2015-04-22,CA,Regular,2015
177,2015-04-22,CA,Regular,2015
178,2015-03-24,CA,Informational,2015
179,2015-04-22,CA,Informational,2015
180,2015-04-21,CA,Regular,2015
181,2015-04-21,CA,Regular,2015
182,2015-04-28,CA,Regular,2015
183,2015-04-28,CA,Regular,2015
184,2015-04-28,CA,Regular,2015
185,2015-04-28,CA,Regular,2015
186,2015-04-29,CA,Regular,2015
187,2015-04-29,CA,Regular,2015
188,2015-04-29,CA,Budget,2015
189,2015-04-28,CA,Regular,2015
190,2015-04-29,CA,Regular,2015
191,2015-04-30,CA,Budget,2015
192,2015-04-30,CA,Regular,2015
193,2015-04-30,CA,Regular,2015
194,2015-04-29,CA,Regular,2015
195,2015-04-28,CA,Regular,2015
196,2015-04-28,CA,Regular,2015
197,2015-04-30,CA,Budget,2015
198,2015-05-04,CA,Regular,2015
199,2015-05-04,CA,Regular,2015
200,2015-05-05,CA,Regular,2015
201,2015-05-05,CA,Regular,2015
202,2015-05-05,CA,Regular,2015
203,2015-05-06,CA,Informational,2015
204,2015-05-05,CA,Regular,2015
205,2015-05-06,CA,Informational,2015
206,2015-05-06,CA,Regular,2015
207,2015-05-05,CA,Regular,2015
208,2015-05-06,CA,Regular,2015
209,2015-05-06,CA,Regular,2015
210,2015-05-05,CA,Regular,2015
211,2015-05-06,CA,Regular,2015
212,2015-05-07,CA,Budget,2015
213,2015-05-07,CA,Budget,2015
214,2015-05-05,CA,Budget,2015
215,2015-05-07,CA,Budget,2015
216,2015-05-11,CA,Regular,2015
217,2015-05-11,CA,Budget,2015
218,2015-05-11,CA,Regular,2015
219,2015-05-12,CA,Regular,2015
220,2015-05-12,CA,Regular,2015
221,2015-05-12,CA,Regular,2015
222,2015-05-12,CA,Budget,2015
223,2015-05-12,CA,Regular,2015
224,2015-04-15,CA,Regular,2015
225,2015-04-14,CA,Regular,2015
226,2015-05-13,CA,Informational,2015
227,2015-05-13,CA,Regular,2015
228,2015-05-12,CA,Regular,2015
229,2015-05-13,CA,Informational,2015
230,2015-04-29,CA,Regular,2015
231,2015-05-13,CA,Regular,2015
232,2015-05-13,CA,Regular,2015
233,2015-05-13,CA,Regular,2015
234,2015-05-13,CA,Budget,2015
235,2015-05-13,CA,Regular,2015
236,2015-05-12,CA,Informational,2015
237,2015-04-29,CA,Regular,2015
238,2015-05-14,CA,Informational,2015
239,2015-05-19,CA,Budget,2015
240,2015-05-19,CA,Budget,2015
241,2015-05-18,CA,Regular,2015
242,2015-05-18,CA,Budget,2015
243,2015-05-18,CA,Budget,2015
244,2015-05-18,CA,Budget,2015
245,2015-05-19,CA,Budget,2015
246,2015-05-20,CA,Budget,2015
247,2015-05-19,CA,Budget,2015
248,2015-05-19,CA,Budget,2015
249,2015-05-20,CA,Regular,2015
250,2015-05-21,CA,Budget,2015
251,2015-05-20,CA,Budget,2015
252,2015-05-20,CA,Budget,2015
253,2015-05-20,CA,Informational,2015
254,2015-05-21,CA,Budget,2015
255,2015-05-20,CA,Budget,2015
256,2015-05-21,CA,Budget,2015
257,2015-05-21,CA,Budget,2015
258,2015-05-19,CA,Budget,2015
259,2015-05-20,CA,Budget,2015
260,2015-05-21,CA,Budget,2015
261,2015-04-15,CA,Regular,2015
262,2015-04-14,CA,Regular,2015
263,2015-04-14,CA,Regular,2015
264,2015-05-20,CA,Informational,2015
265,2015-04-14,CA,Regular,2015
266,2015-04-13,CA,Budget,2015
267,2015-04-13,CA,Regular,2015
268,2015-03-23,CA,Informational,2015
269,2015-04-09,CA,Budget,2015
270,2015-04-08,CA,Regular,2015
271,2015-05-22,CA,Regular,2015
272,2015-05-26,CA,Regular,2015
273,2015-05-27,CA,Regular,2015
274,2015-05-27,CA,Informational,2015
275,2015-05-27,CA,Informational,2015
276,2015-05-28,CA,Informational,2015
277,2015-05-28,CA,Informational,2015
278,2015-05-27,CA,Informational,2015
279,2015-05-27,CA,Informational,2015
280,2015-05-27,CA,Informational,2015
281,2015-05-28,CA,Informational,2015
282,2015-04-29,CA,Regular,2015
283,2015-04-28,CA,Regular,2015
284,2015-04-27,CA,Regular,2015
285,2015-04-22,CA,Regular,2015
286,2015-04-21,CA,Regular,2015
287,2015-04-22,CA,Regular,2015
288,2015-05-21,CA,Budget,2015
289,2015-05-04,CA,Informational,2015
290,2015-05-05,CA,Informational,2015
291,2015-06-02,CA,Regular,2015
292,2015-06-03,CA,Informational,2015
293,2015-06-01,CA,Regular,2015
294,2015-06-03,CA,Regular,2015
295,2015-06-05,CA,Regular,2015
296,2015-06-04,CA,Regular,2015
297,2015-06-08,CA,Regular,2015
298,2015-06-08,CA,Regular,2015
299,2015-06-09,CA,Regular,2015
300,2015-06-09,CA,Regular,2015
301,2015-06-09,CA,Regular,2015
302,2015-06-09,CA,Regular,2015
303,2015-06-10,CA,Regular,2015
304,2015-06-10,CA,Regular,2015
305,2015-06-10,CA,Regular,2015
306,2015-06-10,CA,Regular,2015
307,2015-06-10,CA,Regular,2015
308,2015-06-09,CA,Regular,2015
309,2015-06-09,CA,Informational,2015
310,2015-06-09,CA,Regular,2015
311,2015-06-09,CA,Regular,2015
312,2015-06-15,CA,Regular,2015
313,2015-06-15,CA,Regular,2015
314,2015-06-16,CA,Regular,2015
315,2015-06-16,CA,Regular,2015
316,2015-06-16,CA,Regular,2015
317,2015-06-16,CA,Regular,2015
318,2015-06-16,CA,Regular,2015
319,2015-06-17,CA,Regular,2015
320,2015-03-25,CA,Regular,2015
321,2015-03-25,CA,Regular,2015
322,2015-06-16,CA,Regular,2015
323,2015-06-17,CA,Informational,2015
324,2015-06-17,CA,Informational,2015
325,2015-03-24,CA,Regular,2015
326,2015-03-24,CA,Regular,2015
327,2015-03-11,CA,Informational,2015
328,2015-04-20,CA,Informational,2015
329,2015-04-20,CA,Regular,2015
330,2015-06-17,CA,Informational,2015
331,2015-06-17,CA,Regular,2015
332,2015-06-18,CA,Regular,2015
333,2015-06-17,CA,Regular,2015
334,2015-06-22,CA,Regular,2015
335,2015-06-22,CA,Regular,2015
336,2015-06-22,CA,Regular,2015
337,2015-06-22,CA,Regular,2015
338,2015-06-22,CA,Regular,2015
339,2015-06-22,CA,Regular,2015
340,2015-06-23,CA,Regular,2015
341,2015-06-23,CA,Regular,2015
342,2015-06-23,CA,Informational,2015
343,2015-06-23,CA,Regular,2015
344,2015-06-23,CA,Regular,2015
345,2015-06-24,CA,Regular,2015
346,2015-03-25,CA,Regular,2015
347,2015-06-23,CA,Regular,2015
348,2015-06-24,CA,Regular,2015
349,2015-06-24,CA,Informational,2015
350,2015-06-23,CA,Regular,2015
351,2015-06-23,CA,Regular,2015
352,2015-06-24,CA,Regular,2015
353,2015-06-24,CA,Regular,2015
354,2015-06-24,CA,Regular,2015
355,2015-06-24,CA,Informational,2015
356,2015-06-24,CA,Regular,2015
357,2015-06-17,CA,Regular,2015
358,2015-06-29,CA,Informational,2015
359,2015-06-29,CA,Regular,2015
360,2015-06-29,CA,Regular,2015
361,2015-06-29,CA,Regular,2015
362,2015-06-29,CA,Regular,2015
363,2015-06-29,CA,Regular,2015
364,2015-06-30,CA,Regular,2015
365,2015-06-30,CA,Regular,2015
366,2015-06-30,CA,Regular,2015
367,2015-06-30,CA,Regular,2015
368,2015-06-30,CA,Regular,2015
369,2015-06-30,CA,Regular,2015
370,2015-06-30,CA,Regular,2015
371,2015-07-01,CA,Regular,2015
372,2015-07-01,CA,Informational,2015
373,2015-06-30,CA,Regular,2015
374,2015-07-01,CA,Regular,2015
375,2015-07-01,CA,Regular,2015
376,2015-07-01,CA,Regular,2015
377,2015-07-01,CA,Regular,2015
378,2015-07-01,CA,Regular,2015
379,2015-07-01,CA,Regular,2015
380,2015-07-02,CA,Informational,2015
381,2015-07-02,CA,Informational,2015
382,2015-07-01,CA,Regular,2015
383,2015-07-01,CA,Regular,2015
384,2015-07-06,CA,Informational,2015
385,2015-07-07,CA,Regular,2015
386,2015-07-06,CA,Regular,2015
387,2015-07-07,CA,Regular,2015
388,2015-07-06,CA,Regular,2015
389,2015-07-07,CA,Regular,2015
390,2015-07-06,CA,Regular,2015
391,2015-07-07,CA,Regular,2015
392,2015-07-08,CA,Regular,2015
393,2015-07-07,CA,Regular,2015
394,2015-07-08,CA,Informational,2015
395,2015-07-07,CA,Regular,2015
396,2015-07-07,CA,Regular,2015
397,2015-07-08,CA,Informational,2015
398,2015-07-07,CA,Regular,2015
399,2015-07-08,CA,Regular,2015
400,2015-07-08,CA,Regular,2015
401,2015-07-09,CA,Informational,2015
402,2015-07-08,CA,Regular,2015
403,2015-07-08,CA,Regular,2015
404,2015-07-08,CA,Regular,2015
405,2015-07-07,CA,Regular,2015
406,2015-07-13,CA,Regular,2015
407,2015-07-13,CA,Regular,2015
408,2015-07-13,CA,Regular,2015
409,2015-07-13,CA,Regular,2015
410,2015-07-14,CA,Informational,2015
411,2015-07-14,CA,Regular,2015
412,2015-07-14,CA,Regular,2015
413,2015-07-13,CA,Regular,2015
414,2015-07-14,CA,Regular,2015
416,2015-07-14,CA,Regular,2015
417,2015-07-14,CA,Regular,2015
418,2015-07-15,CA,Regular,2015
419,2015-07-14,CA,Regular,2015
420,2015-07-14,CA,Regular,2015
421,2015-07-15,CA,Informational,2015
422,2015-07-15,CA,Regular,2015
423,2015-07-15,CA,Informational,2015
424,2015-07-15,CA,Regular,2015
425,2015-07-15,CA,Informational,2015
426,2015-07-15,CA,Regular,2015
427,2015-07-15,CA,Regular,2015
428,2015-04-20,CA,Informational,2015
429,2015-07-15,CA,Regular,2015
430,2015-07-15,CA,Regular,2015
435,2015-03-26,CA,Budget,2015
437,2015-03-26,CA,Budget,2015
438,2015-04-15,CA,Regular,2015
439,2015-03-26,CA,Informational,2015
446,2015-03-24,CA,Informational,2015
448,2015-04-08,CA,Budget,2015
449,2015-04-08,CA,Budget,2015
450,2015-04-14,CA,Budget,2015
451,2015-04-20,CA,Regular,2015
455,2015-03-24,CA,Regular,2015
456,2015-03-24,CA,Regular,2015
457,2015-03-10,CA,Budget,2015
458,2015-03-09,CA,Budget,2015
459,2015-03-19,CA,Budget,2015
460,2015-03-19,CA,Budget,2015
461,2015-03-18,CA,Informational,2015
462,2015-03-04,CA,Informational,2015
463,2015-02-24,CA,Budget,2015
464,2015-02-25,CA,Informational,2015
465,2015-02-25,CA,Regular,2015
466,2015-03-03,CA,Informational,2015
467,2015-03-03,CA,Informational,2015
468,2015-02-25,CA,Informational,2015
469,2015-02-24,CA,Informational,2015
470,2015-02-25,CA,Budget,2015
471,2015-02-25,CA,Budget,2015
472,2015-02-25,CA,Informational,2015
473,2015-03-04,CA,Budget,2015
474,2015-02-24,CA,Informational,2015
475,2015-02-11,CA,Informational,2015
476,2015-03-05,CA,Budget,2015
477,2015-02-18,CA,Budget,2015
478,2015-02-24,CA,Informational,2015
479,2015-08-11,CA,Informational,2015
480,2015-08-11,CA,Informational,2015
481,2015-08-17,CA,Regular,2015
484,2015-08-17,CA,Informational,2015
485,2015-08-18,CA,Regular,2015
486,2015-08-18,CA,Informational,2015
487,2015-08-18,CA,Informational,2015
488,2015-08-18,CA,Informational,2015
489,2015-08-18,CA,Informational,2015
490,2015-08-17,CA,Regular,2015
491,2015-08-19,CA,Informational,2015
492,2015-08-19,CA,Regular,2015
493,2015-08-18,CA,Informational,2015
494,2015-08-19,CA,Regular,2015
495,2015-08-19,CA,Informational,2015
497,2015-08-19,CA,Regular,2015
498,2015-08-19,CA,Informational,2015
502,2015-08-24,CA,Regular,2015
505,2015-08-24,CA,Informational,2015
506,2015-08-24,CA,Regular,2015
507,2015-08-25,CA,Informational,2015
508,2015-08-24,CA,Informational,2015
509,2015-08-25,CA,Regular,2015
510,2015-08-25,CA,Regular,2015
511,2015-08-25,CA,Regular,2015
512,2015-08-25,CA,Informational,2015
513,2015-08-25,CA,Informational,2015
514,2015-08-25,CA,Informational,2015
515,2015-08-26,CA,Budget,2015
516,2015-08-26,CA,Informational,2015
517,2015-08-26,CA,Regular,2015
518,2015-08-26,CA,Budget,2015
519,2015-08-27,CA,Regular,2015
520,2015-08-26,CA,Informational,2015
521,2015-08-27,CA,Regular,2015
522,2015-08-27,CA,Regular,2015
523,2015-08-27,CA,Informational,2015
524,2015-08-27,CA,Informational,2015
525,2015-06-02,CA,Regular,2015
526,2015-06-03,CA,Regular,2015
527,2015-06-03,CA,Regular,2015
528,2015-06-04,CA,Regular,2015
529,2015-09-01,CA,Informational,2015
530,2015-09-01,CA,Informational,2015
531,2015-09-01,CA,Regular,2015
532,2015-09-02,CA,Informational,2015
533,2015-09-01,CA,Regular,2015
534,2015-09-03,CA,Regular,2015
535,2015-09-03,CA,Regular,2015
536,2015-09-03,CA,Regular,2015
537,2015-09-03,CA,Regular,2015
538,2015-09-04,CA,Regular,2015
539,2015-09-04,CA,Regular,2015
541,2015-06-02,CA,Regular,2015
542,2015-06-02,CA,Regular,2015
543,2015-09-08,CA,Regular,2015
544,2015-09-08,CA,Regular,2015
545,2015-09-09,CA,Regular,2015
546,2015-09-09,CA,Regular,2015
547,2015-09-09,CA,Informational,2015
548,2015-09-09,CA,Regular,2015
549,2015-09-10,CA,Regular,2015
550,2015-09-10,CA,Regular,2015
551,2015-09-10,CA,Regular,2015
552,2015-09-10,CA,Regular,2015
553,2015-09-10,CA,Regular,2015
554,2015-09-10,CA,Regular,2015
555,2015-09-10,CA,Regular,2015
556,2015-09-11,CA,Regular,2015
557,2015-09-11,CA,Regular,2015
558,2015-09-11,CA,Regular,2015
559,2015-09-11,CA,Regular,2015
560,2015-09-11,CA,Regular,2015
561,2015-09-11,CA,Regular,2015
562,2015-09-09,CA,Regular,2015
563,2015-09-22,CA,Informational,2015
564,2015-09-11,CA,Regular,2015
565,2015-09-11,CA,Regular,2015
566,2015-09-10,CA,Regular,2015
567,2014-12-01,CA,Informational,2015
568,2014-12-01,CA,Informational,2015
569,2015-01-05,CA,Informational,2015
570,2015-01-05,CA,Informational,2015
571,2015-01-08,CA,Informational,2015
572,2015-01-08,CA,Informational,2015
573,2015-01-12,CA,Informational,2015
574,2015-01-12,CA,Regular,2015
575,2015-01-16,CA,Regular,2015
576,2015-01-20,CA,Informational,2015
577,2015-01-20,CA,Informational,2015
578,2015-01-22,CA,Informational,2015
579,2015-01-22,CA,Informational,2015
580,2015-01-26,CA,Informational,2015
581,2015-01-26,CA,Regular,2015
582,2015-01-29,CA,Regular,2015
583,2015-01-29,CA,Informational,2015
584,2015-02-02,CA,Informational,2015
585,2015-02-02,CA,Regular,2015
586,2015-02-05,CA,Regular,2015
587,2015-02-05,CA,Regular,2015
588,2015-02-09,CA,Regular,2015
589,2015-02-09,CA,Regular,2015
590,2015-02-13,CA,Regular,2015
591,2015-02-13,CA,Regular,2015
592,2015-02-17,CA,Regular,2015
593,2015-02-17,CA,Regular,2015
594,2015-02-19,CA,Regular,2015
595,2015-02-19,CA,Regular,2015
596,2015-02-23,CA,Regular,2015
597,2015-02-23,CA,Informational,2015
598,2015-02-26,CA,Informational,2015
599,2015-02-26,CA,Regular,2015
600,2015-03-02,CA,Regular,2015
601,2015-03-02,CA,Regular,2015
602,2015-03-05,CA,Informational,2015
603,2015-03-05,CA,Regular,2015
605,2015-10-15,CA,Informational,2015
606,2015-10-16,CA,Informational,2015
607,2015-10-20,CA,Informational,2015
608,2015-03-09,CA,Regular,2015
609,2015-03-09,CA,Regular,2015
610,2015-10-22,CA,Informational,2015
611,2015-03-12,CA,Regular,2015
612,2015-03-12,CA,Regular,2015
613,2015-03-16,CA,Regular,2015
614,2015-03-16,CA,Informational,2015
615,2015-03-19,CA,Regular,2015
616,2015-03-19,CA,Regular,2015
617,2015-10-27,CA,Informational,2015
618,2015-03-23,CA,Regular,2015
619,2015-03-23,CA,Regular,2015
620,2015-03-25,CA,Regular,2015
621,2015-03-26,CA,Regular,2015
622,2015-03-26,CA,Regular,2015
623,2015-04-06,CA,Regular,2015
624,2015-04-06,CA,Regular,2015
625,2015-04-09,CA,Regular,2015
626,2015-04-09,CA,Regular,2015
627,2015-04-13,CA,Regular,2015
628,2015-04-13,CA,Regular,2015
629,2015-04-16,CA,Regular,2015
630,2015-04-16,CA,Regular,2015
631,2015-04-20,CA,Regular,2015
632,2015-04-20,CA,Regular,2015
633,2015-04-23,CA,Regular,2015
634,2015-04-23,CA,Regular,2015
635,2015-04-27,CA,Regular,2015
636,2015-04-27,CA,Regular,2015
637,2015-04-30,CA,Regular,2015
638,2015-04-30,CA,Regular,2015
639,2015-11-16,CA,Informational,2015
640,2015-05-04,CA,Regular,2015
641,2015-05-04,CA,Regular,2015
642,2015-05-07,CA,Regular,2015
643,2015-05-07,CA,Regular,2015
644,2015-11-17,CA,Informational,2015
645,2015-05-11,CA,Regular,2015
648,2015-12-03,CA,Informational,2015
649,2015-12-08,CA,Informational,2015
651,2015-12-01,CA,Informational,2015
652,2015-12-15,CA,Informational,2015
653,2015-12-15,CA,Informational,2015
654,2015-12-14,CA,Informational,2015
655,2015-10-21,CA,Informational,2015
656,2015-12-16,CA,Informational,2015
657,2015-12-16,CA,Informational,2015
658,2015-05-14,CA,Regular,2015
659,2015-05-14,CA,Regular,2015
660,2015-05-18,CA,Regular,2015
661,2016-01-04,CA,Informational,2015
662,2015-05-18,CA,Regular,2015
663,2016-01-05,CA,Regular,2015
665,2016-01-04,CA,Informational,2015
666,2016-01-06,CA,Regular,2015
667,2016-01-06,CA,Regular,2015
668,2016-01-05,CA,Informational,2015
670,2016-01-06,CA,Informational,2015
672,2016-01-07,CA,Informational,2015
673,2016-01-07,CA,Informational,2015
675,2016-01-11,CA,Informational,2015
677,2016-01-11,CA,Regular,2015
678,2016-01-11,CA,Regular,2015
679,2016-01-12,CA,Regular,2015
680,2016-01-12,CA,Regular,2015
681,2016-01-12,CA,Regular,2015
682,2016-01-12,CA,Regular,2015
683,2016-01-12,CA,Regular,2015
684,2016-01-12,CA,Regular,2015
685,2016-01-11,CA,Informational,2015
686,2016-01-12,CA,Regular,2015
687,2016-01-12,CA,Regular,2015
688,2016-01-11,CA,Regular,2015
689,2016-01-12,CA,Regular,2015
690,2016-01-13,CA,Regular,2015
691,2016-01-13,CA,Regular,2015
692,2016-01-13,CA,Regular,2015
693,2016-01-13,CA,Informational,2015
694,2016-01-13,CA,Informational,2015
695,2016-01-13,CA,Regular,2015
696,2016-01-13,CA,Regular,2015
697,2016-01-14,CA,Regular,2015
698,2016-01-14,CA,Regular,2015
699,2016-01-15,CA,Regular,2015
700,2016-01-15,CA,Regular,2015
701,2016-01-15,CA,Regular,2015
702,2016-01-19,CA,Informational,2015
703,2016-01-19,CA,Regular,2015
704,2016-01-19,CA,Informational,2015
705,2016-01-19,CA,Regular,2015
706,2016-01-20,CA,Regular,2015
707,2016-01-19,CA,Informational,2015
708,2016-01-20,CA,Informational,2015
709,2016-01-20,CA,Informational,2015
710,2016-01-20,CA,Informational,2015
711,2016-01-20,CA,Informational,2015
712,2016-01-19,CA,Informational,2015
713,2016-01-20,CA,Informational,2015
714,2016-01-21,CA,Informational,2015
715,2016-01-21,CA,Informational,2015
716,2016-01-21,CA,Regular,2015
717,2016-01-21,CA,Regular,2015
718,2016-01-25,CA,Regular,2015
719,2016-01-25,CA,Regular,2015
720,2016-01-25,CA,Informational,2015
721,2016-01-26,CA,Regular,2015
722,2016-01-26,CA,Informational,2015
723,2016-01-26,CA,Informational,2015
724,2016-01-26,CA,Regular,2015
725,2016-01-27,CA,Informational,2015
726,2016-01-27,CA,Budget,2015
727,2016-01-27,CA,Regular,2015
728,2016-01-27,CA,Regular,2015
729,2016-01-28,CA,Regular,2015
730,2016-01-28,CA,Regular,2015
731,2016-01-28,CA,Regular,2015
732,2016-01-20,NY,Informational,2015
733,2016-02-01,CA,Regular,2015
734,2016-02-01,CA,Regular,2015
735,2016-02-02,CA,Budget,2015
736,2016-02-03,CA,Informational,2015
737,2016-02-03,CA,Informational,2015
738,2016-02-03,CA,Informational,2015
739,2016-02-03,CA,Informational,2015
740,2016-02-04,CA,Informational,2015
741,2016-02-04,CA,Regular,2015
742,2016-02-03,CA,Budget,2015
743,2016-01-25,NY,Informational,2015
744,2015-05-28,CA,Regular,2015
745,2015-05-26,CA,Regular,2015
746,2015-05-11,CA,Regular,2015
747,2015-05-22,CA,Regular,2015
748,2015-06-01,CA,Regular,2015
751,2015-05-26,CA,Regular,2015
752,2015-05-28,CA,Regular,2015
753,2015-06-01,CA,Regular,2015
754,2015-06-08,CA,Regular,2015
755,2015-06-11,CA,Regular,2015
756,2015-06-15,CA,Regular,2015
757,2015-06-18,CA,Regular,2015
758,2015-06-04,CA,Regular,2015
759,2015-06-08,CA,Regular,2015
760,2015-06-11,CA,Regular,2015
761,2015-06-15,CA,Regular,2015
762,2015-06-19,CA,Regular,2015
763,2016-02-10,CA,Informational,2015
764,2016-02-10,CA,Regular,2015
766,2016-02-10,CA,Informational,2015
767,2015-05-22,CA,Regular,2015
768,2015-06-18,CA,Regular,2015
770,2016-02-10,CA,Regular,2015
771,2015-06-19,CA,Regular,2015
772,2015-06-22,CA,Regular,2015
773,2015-06-25,CA,Regular,2015
774,2015-06-29,CA,Regular,2015
775,2015-06-22,CA,Regular,2015
776,2015-06-25,CA,Regular,2015
777,2015-06-29,CA,Regular,2015
778,2016-02-11,CA,Informational,2015
779,2016-02-11,CA,Informational,2015
781,2016-02-12,CA,Regular,2015
782,2016-02-08,CA,Regular,2015
783,2016-02-08,CA,Regular,2015
784,2015-07-06,CA,Regular,2015
785,2015-07-09,CA,Regular,2015
786,2015-07-13,CA,Regular,2015
787,2015-07-16,CA,Regular,2015
788,2016-02-16,CA,Informational,2015
789,2016-02-16,CA,Informational,2015
790,2016-02-16,CA,Informational,2015
791,2015-07-02,CA,Regular,2015
792,2015-07-02,CA,Regular,2015
793,2015-07-06,CA,Regular,2015
794,2015-07-09,CA,Regular,2015
795,2015-07-13,CA,Regular,2015
796,2015-07-16,CA,Regular,2015
797,2016-02-12,CA,Regular,2015
798,2016-02-17,CA,Informational,2015
799,2016-02-18,CA,Regular,2015
800,2016-02-17,CA,Informational,2015
801,2016-02-18,CA,Informational,2015
802,2015-08-17,CA,Regular,2015
803,2015-08-17,CA,Regular,2015
804,2015-08-20,CA,Regular,2015
805,2015-08-20,CA,Regular,2015
806,2015-08-24,CA,Regular,2015
807,2015-08-24,CA,Regular,2015
808,2015-08-27,CA,Regular,2015
809,2015-08-27,CA,Regular,2015
810,2016-02-22,CA,Informational,2015
811,2016-02-22,CA,Informational,2015
812,2016-02-22,CA,Informational,2015
813,2016-02-22,CA,Regular,2015
814,2016-02-22,CA,Budget,2015
815,2016-02-23,CA,Regular,2015
816,2016-02-23,CA,Informational,2015
817,2016-02-22,CA,Regular,2015
818,2016-02-23,CA,Regular,2015
819,2016-02-23,CA,Regular,2015
820,2016-02-23,CA,Budget,2015
821,2016-02-23,CA,Informational,2015
822,2016-02-24,CA,Informational,2015
823,2016-02-24,CA,Informational,2015
824,2016-02-24,CA,Informational,2015
825,2016-02-24,CA,Budget,2015
826,2016-02-24,CA,Informational,2015
827,2016-02-23,CA,Budget,2015
828,2016-02-25,CA,Regular,2015
829,2016-02-25,CA,Informational,2015
830,2016-02-29,CA,Informational,2015
831,2016-02-29,CA,Informational,2015
832,2016-02-29,CA,Regular,2015
833,2016-02-29,CA,Informational,2015
834,2016-03-01,CA,Informational,2015
835,2016-03-01,CA,Informational,2015
836,2016-03-01,CA,Budget,2015
837,2016-03-01,CA,Informational,2015
838,2016-03-01,CA,Informational,2015
839,2016-03-02,CA,Informational,2015
840,2016-03-02,CA,Budget,2015
841,2016-03-02,CA,Budget,2015
842,2016-03-02,CA,Informational,2015
843,2016-02-29,CA,Regular,2015
844,2016-03-01,CA,Informational,2015
845,2016-03-02,CA,Informational,2015
846,2016-03-01,CA,Regular,2015
847,2016-03-02,CA,Budget,2015
848,2016-03-03,CA,Budget,2015
849,2016-03-03,CA,Budget,2015
850,2016-03-03,CA,Regular,2015
851,2016-03-03,CA,Regular,2015
852,2016-03-07,CA,Informational,2015
853,2016-03-07,CA,Regular,2015
854,2016-03-07,CA,Regular,2015
855,2016-03-07,CA,Regular,2015
856,2016-03-08,CA,Regular,2015
857,2016-03-08,CA,Informational,2015
858,2016-03-08,CA,Budget,2015
859,2016-03-08,CA,Budget,2015
860,2016-03-08,CA,Regular,2015
861,2016-03-08,CA,Regular,2015
862,2016-03-08,CA,Informational,2015
863,2016-03-08,CA,Informational,2015
864,2016-03-08,CA,Budget,2015
865,2016-03-09,CA,Informational,2015
866,2016-03-09,CA,Regular,2015
867,2016-03-09,CA,Informational,2015
868,2016-03-08,CA,Informational,2015
869,2016-03-09,CA,Budget,2015
870,2016-03-09,CA,Informational,2015
871,2016-03-09,CA,Budget,2015
872,2016-03-09,CA,Budget,2015
873,2016-03-10,CA,Budget,2015
874,2016-03-10,CA,Regular,2015
876,2016-03-10,CA,Budget,2015
877,2016-03-10,CA,Regular,2015
878,2015-08-31,CA,Regular,2015
879,2015-08-31,CA,Regular,2015
880,2016-03-14,CA,Regular,2015
881,2016-03-14,CA,Informational,2015
882,2016-03-14,CA,Regular,2015
883,2016-03-14,CA,Regular,2015
884,2015-09-01,CA,Regular,2015
885,2015-09-01,CA,Regular,2015
886,2016-03-15,CA,Regular,2015
887,2016-03-15,CA,Regular,2015
888,2016-03-15,CA,Budget,2015
889,2016-03-15,CA,Informational,2015
890,2016-03-14,CA,Informational,2015
891,2016-03-15,CA,Informational,2015
892,2015-09-02,CA,Regular,2015
893,2015-09-02,CA,Regular,2015
894,2016-03-15,CA,Regular,2015
895,2016-03-15,CA,Budget,2015
896,2016-03-16,CA,Regular,2015
897,2016-03-16,CA,Budget,2015
898,2016-03-16,CA,Regular,2015
899,2016-03-15,CA,Informational,2015
900,2016-03-16,CA,Informational,2015
901,2016-03-16,CA,Budget,2015
902,2016-03-16,CA,Informational,2015
903,2016-03-16,CA,Budget,2015
904,2016-03-17,CA,Regular,2015
905,2016-03-17,CA,Regular,2015
906,2016-03-17,CA,Budget,2015
907,2015-09-03,CA,Regular,2015
908,2016-03-09,CA,Informational,2015
909,2015-09-03,CA,Regular,2015
910,2015-09-04,CA,Regular,2015
911,2015-09-04,CA,Regular,2015
912,2015-09-08,CA,Regular,2015
913,2015-09-10,CA,Regular,2015
914,2016-03-28,CA,Budget,2015
915,2016-03-28,CA,Regular,2015
916,2016-03-28,CA,Regular,2015
917,2016-03-29,CA,Budget,2015
918,2016-03-28,CA,Informational,2015
919,2016-03-29,CA,Regular,2015
920,2016-03-28,CA,Budget,2015
921,2016-03-29,CA,Regular,2015
922,2016-03-29,CA,Regular,2015
923,2016-03-29,CA,Regular,2015
924,2016-03-29,CA,Regular,2015
925,2016-03-29,CA,Regular,2015
926,2016-03-29,CA,Regular,2015
927,2016-03-30,CA,Regular,2015
928,2016-03-30,CA,Regular,2015
929,2016-03-30,CA,Regular,2015
930,2016-03-30,CA,Informational,2015
931,2016-03-30,CA,Regular,2015
932,2016-03-30,CA,Budget,2015
933,2016-03-30,CA,Budget,2015
934,2016-03-30,CA,Budget,2015
935,2016-03-30,CA,Regular,2015
936,2016-03-31,CA,Regular,2015
937,2016-03-31,CA,Regular,2015
938,2016-03-29,CA,Regular,2015
941,2016-03-30,CA,Regular,2015
942,2016-04-04,CA,Regular,2015
943,2016-04-04,CA,Regular,2015
944,2016-04-04,CA,Regular,2015
945,2016-04-04,CA,Budget,2015
946,2016-04-04,CA,Budget,2015
947,2016-04-04,CA,Regular,2015
948,2016-04-05,CA,Regular,2015
949,2016-04-05,CA,Regular,2015
950,2016-04-05,CA,Regular,2015
951,2016-04-04,CA,Regular,2015
952,2016-04-05,CA,Regular,2015
953,2016-04-05,CA,Regular,2015
954,2016-03-31,CA,Regular,2015
955,2016-04-05,CA,Budget,2015
956,2016-04-05,CA,Regular,2015
957,2016-04-05,CA,Regular,2015
958,2016-04-05,CA,Regular,2015
959,2016-04-06,CA,Informational,2015
960,2016-04-06,CA,Regular,2015
961,2016-04-06,CA,Regular,2015
962,2016-04-06,CA,Informational,2015
963,2016-04-07,CA,Informational,2015
964,2016-04-06,CA,Regular,2015
965,2016-04-06,CA,Regular,2015
966,2016-04-07,CA,Regular,2015
967,2016-04-06,CA,Budget,2015
968,2016-04-06,CA,Regular,2015
969,2016-04-06,CA,Regular,2015
970,2016-04-06,CA,Regular,2015
971,2016-04-07,CA,Budget,2015
972,2016-04-07,CA,Budget,2015
973,2016-04-11,CA,Regular,2015
974,2016-04-11,CA,Regular,2015
975,2016-04-11,CA,Regular,2015
976,2016-04-11,CA,Regular,2015
977,2016-04-11,CA,Budget,2015
978,2016-04-11,CA,Regular,2015
979,2016-04-12,CA,Regular,2015
980,2016-04-12,CA,Regular,2015
981,2016-04-12,CA,Regular,2015
982,2016-04-12,CA,Budget,2015
983,2016-04-12,CA,Regular,2015
984,2016-04-12,CA,Regular,2015
985,2016-04-13,CA,Regular,2015
986,2016-04-13,CA,Regular,2015
987,2016-04-12,CA,Regular,2015
988,2016-04-13,CA,Budget,2015
989,2016-04-13,CA,Regular,2015
990,2016-04-14,CA,Regular,2015
991,2016-04-13,CA,Regular,2015
992,2016-04-13,CA,Regular,2015
993,2016-04-13,CA,Informational,2015
994,2016-04-14,CA,Regular,2015
995,2016-04-12,CA,Regular,2015
996,2016-04-14,CA,Budget,2015
997,2016-04-14,CA,Budget,2015
998,2016-04-13,CA,Regular,2015
999,2016-04-13,CA,Regular,2015
1000,2016-04-18,CA,Regular,2015
1001,2016-04-18,CA,Regular,2015
1002,2016-04-18,CA,Regular,2015
1003,2016-04-18,CA,Regular,2015
1004,2016-04-18,CA,Regular,2015
1005,2016-04-18,CA,Regular,2015
1006,2016-04-19,CA,Regular,2015
1007,2016-04-19,CA,Regular,2015
1008,2016-04-19,CA,Regular,2015
1009,2016-04-19,CA,Regular,2015
1010,2016-04-19,CA,Regular,2015
1011,2016-04-19,CA,Regular,2015
1012,2016-04-19,CA,Regular,2015
1013,2016-04-20,CA,Budget,2015
1014,2016-04-20,CA,Regular,2015
1015,2016-04-20,CA,Regular,2015
1016,2016-04-20,CA,Regular,2015
1017,2016-04-20,CA,Regular,2015
1018,2016-04-20,CA,Regular,2015
1019,2016-04-21,CA,Informational,2015
1020,2016-04-21,CA,Regular,2015
1021,2016-04-21,CA,Regular,2015
1022,2016-04-21,CA,Regular,2015
1023,2016-04-21,CA,Regular,2015
1026,2016-04-20,CA,Regular,2015
1027,2016-04-25,CA,Regular,2015
1033,2016-04-25,CA,Informational,2015
1035,2016-04-25,CA,Budget,2015
1036,2016-04-25,CA,Regular,2015
1037,2016-04-25,CA,Regular,2015
1038,2016-04-25,CA,Regular,2015
1039,2016-04-25,CA,Regular,2015
1041,2016-04-26,CA,Regular,2015
1042,2016-04-26,CA,Regular,2015
1044,2016-04-26,CA,Informational,2015
1046,2016-04-26,CA,Regular,2015
1048,2016-04-26,CA,Regular,2015
1049,2016-04-26,CA,Regular,2015
1052,2016-04-26,CA,Budget,2015
1054,2016-04-26,CA,Informational,2015
1056,2016-04-26,CA,Regular,2015
1057,2016-04-27,CA,Regular,2015
1058,2016-04-27,CA,Regular,2015
1059,2016-04-27,CA,Informational,2015
1060,2016-04-27,CA,Regular,2015
1062,2016-04-27,CA,Regular,2015
1063,2016-04-27,CA,Regular,2015
1064,2016-04-27,CA,Regular,2015
1065,2016-04-28,CA,Regular,2015
1066,2016-04-28,CA,Informational,2015
1069,2016-04-28,CA,Budget,2015
1070,2016-04-28,CA,Regular,2015
1071,2016-04-21,CA,Budget,2015
1072,2016-04-28,CA,Budget,2015
1073,2016-04-20,CA,Regular,2015
1074,2016-04-19,CA,Regular,2015
1075,2015-09-08,CA,Regular,2015
1076,2016-05-02,CA,Regular,2015
1077,2016-05-02,CA,Regular,2015
1078,2016-05-02,CA,Regular,2015
1079,2016-05-02,CA,Informational,2015
1080,2016-02-18,CA,Regular,2015
1081,2016-04-07,CA,Regular,2015
1082,2016-05-03,CA,Regular,2015
1083,2016-05-03,CA,Informational,2015
1084,2016-05-03,CA,Regular,2015
1085,2016-05-03,CA,Budget,2015
1086,2016-05-03,CA,Regular,2015
1087,2016-05-03,CA,Regular,2015
1088,2016-05-03,CA,Regular,2015
1089,2016-05-03,CA,Budget,2015
1090,2016-05-03,CA,Informational,2015
1091,2016-04-21,CA,Budget,2015
1092,2016-05-03,CA,Informational,2015
1093,2016-05-04,CA,Regular,2015
1094,2016-04-12,CA,Regular,2015
1095,2016-05-04,CA,Informational,2015
