pid,uid
102,1
102,5
102,13
102,17
102,21
102,23
102,27
102,33
102,37
102,43
102,49
102,55
63,59
63,63
63,73
102,79
2981,85
2981,93
2981,101
2981,109
2981,115
2981,121
2981,127
2981,135
2981,141
2981,145
2981,155
2981,161
2981,169
102,177
102,187
2981,189
2981,199
2981,207
2981,215
2981,221
2981,237
2981,241
2981,251
102,265
102,271
102,283
102,291
102,303
102,309
102,315
2981,323
2981,333
2981,343
2981,347
2981,355
2981,361
2981,365
2981,375
2981,385
2981,391
2981,399
102,403
102,411
61,415
102,423
62,425
62,429
2981,437
2981,445
2981,451
2981,461
2981,465
62,473
102,475
49,477
49,489
49,495
49,505
49,511
49,519
102,525
102,533
102,543
102,549
2981,555
2981,563
2981,569
2981,581
2981,587
2981,593
2981,597
102,605
102,609
2981,611
102,619
913,625
913,633
913,637
913,647
102,649
102,659
102,669
102,671
2995,677
102,679
2995,681
2995,683
2995,691
2995,695
2995,701
2995,707
2995,727
102,745
102,755
2995,757
2995,763
2995,769
2995,785
2995,789
2995,801
2995,807
2995,815
102,825
2995,831
102,837
2995,839
102,845
2995,855
2995,865
102,873
102,889
102,897
102,903
102,911
102,917
102,921
102,927
2995,929
2995,935
2995,943
2995,951
2995,957
2995,965
2995,977
102,983
61,989
61,993
102,1007
62,1009
49,1015
2995,1031
2995,1041
102,1051
3017,1057
3017,1061
102,1067
102,1071
102,1083
102,1087
102,1095
3018,1099
3018,1107
102,1109
3018,1115
3018,1121
3018,1131
3018,1139
102,1145
62,1149
3018,1167
62,1173
62,1185
102,1191
49,1193
49,1201
49,1207
49,1213
102,1223
102,1227
3018,1237
3018,1243
3018,1249
3018,1261
3018,1269
3018,1279
1116,1295
1116,1299
1116,1305
1116,1313
1116,1319
1116,1327
1116,1339
1116,1347
1116,1367
1116,1369
1116,1371
1116,1375
1116,1381
1116,1387
1116,1397
1625,1405
1625,1409
1625,1417
1625,1419
1056,1429
1056,1437
102,1441
102,1445
102,1449
102,1457
3018,1461
102,1463
102,1469
3001,1485
102,1487
3002,1491
3002,1493
3002,1497
102,1503
102,1511
3001,1515
102,1517
3001,1519
102,1521
102,1525
61,1527
61,1531
61,1533
61,1543
102,1575
102,1583
49,1585
49,1589
3002,1597
3002,1611
49,1625
3001,1631
3001,1653
3001,1669
3001,1671
3002,1675
3002,1683
3001,1709
3001,1745
49,1751
102,1753
102,1775
3001,1799
3001,1811
3001,1827
3001,1851
3002,1855
3002,1867
3002,1887
3002,1899
102,1925
3002,1937
102,1961
102,1969
102,1985
102,1991
102,2001
3002,2003
3002,2011
3002,2035
102,2039
3002,2047
3002,2059
3001,2081
3001,2105
3001,2113
3001,2115
3001,2127
3001,2137
3001,2169
102,2181
102,2189
3001,2197
3002,2199
3002,2205
102,2215
3003,2219
3003,2221
3003,2233
102,2243
102,2247
102,2251
102,2257
102,2263
102,2267
102,2273
102,2277
102,2289
102,2293
102,2297
49,2311
102,2313
49,2315
49,2327
102,2331
49,2345
102,2351
102,2353
102,2361
102,2371
102,6812
102,6818
102,6838
102,6890
2982,6892
2982,6900
2982,6906
2982,6908
2982,6930
102,6952
2982,6990
2982,7006
102,7042
64,7048
64,7052
2982,7078
64,7088
2982,7096
64,7106
2982,7108
64,7114
2982,7118
64,7160
2982,7172
64,7194
102,7196
102,7222
102,7236
61,7238
102,7248
62,7250
2982,7280
102,7282
102,7288
2108,7294
102,7326
70,7334
102,7338
102,7342
102,7356
102,7372
102,7398
64,7400
64,7436
102,7444
64,7466
102,7472
64,7474
64,7487
102,7488
102,7489
70,7499
102,7501
102,7502
8,7503
8,7507
8,7513
8,7519
8,7523
8,7531
8,7537
8,7539
8,7547
8,7553
8,7559
8,7565
8,7571
8,7577
108,7581
108,7589
108,7595
108,7605
8,7609
8,7611
8,7617
8,7695
2983,7697
2983,7705
2983,7713
2983,7723
2983,7731
2983,7743
2983,7749
2983,7757
2983,7769
2983,7775
2983,7785
2983,7793
2983,7801
2983,7809
2983,7815
2983,7821
2983,7831
2983,7837
2983,7845
2983,7851
2983,7861
2983,7871
2983,7881
2983,7889
2983,7895
2983,7905
2983,7911
2983,7923
2983,7931
2983,7939
2983,7951
2983,7959
2983,7967
2983,7979
2983,7987
2983,7999
2983,8005
2983,8017
2983,8029
2983,8037
2983,8045
2983,8051
2983,8061
2983,8073
2983,8077
2983,8087
2983,8097
2983,8105
2983,8115
2983,8125
8,8131
47,8133
47,8149
2983,8167
2983,8179
14,8185
2983,8199
2983,8209
2983,8229
14,8239
8,8241
47,8243
2983,8259
47,8263
8,8265
8,8277
8,8287
2983,8293
8,8307
8,8315
8,8419
8,8431
2984,8441
2984,8453
2984,8469
2984,8487
2984,8499
2984,8515
2984,8527
2984,8541
2984,8555
2984,8563
2984,8577
2984,8591
8,8607
2990,8609
2990,8625
2990,8643
2990,8659
2990,8667
2990,8685
2990,8699
2990,8719
2990,8733
8,8747
2991,8749
2991,8769
2991,8783
2991,8791
2991,8809
2991,8823
2991,8839
2991,8865
2991,8879
8,8887
2992,8889
2992,8897
2992,8913
2992,8929
2992,8941
2992,8959
2992,8975
2992,8993
2992,9009
2992,9025
2992,9041
2994,9047
2994,9065
2994,9079
2994,9093
2994,9105
2994,9121
2994,9131
2994,9147
2994,9149
2994,9183
8,9193
3044,9197
3044,9213
3044,9225
3044,9231
3044,9249
3044,9263
3044,9273
3044,9287
3044,9299
3044,9321
3044,9341
3044,9355
3044,9373
3044,9377
3044,9391
3044,9407
3044,9423
8,9437
2990,9445
2990,9459
2990,9475
2990,9495
2994,9501
2994,9517
2994,9529
8,9535
108,9539
8,9541
2990,9543
108,9545
2994,9553
8,9565
8,9571
2991,9575
2991,9587
2991,9597
2991,9609
8,9625
2990,9627
2990,9643
2990,9659
2990,9675
2990,9697
2990,9709
2990,9731
8,9749
2984,9765
2984,9781
2984,9793
2984,9809
2984,9813
2984,9815
8,9819
8,9823
8,9827
8,9833
8,9839
3081,9841
3081,9847
3081,9851
3081,9859
3081,9865
3081,9867
3081,9875
3081,9885
3081,9893
3081,9901
8,9907
3083,9909
3083,9913
3083,9919
3083,9925
3083,9929
3083,9937
3083,9943
3083,9949
3083,9953
3083,9957
3083,9961
3083,9969
3083,9975
8,9987
3086,9993
3086,9999
3086,10005
3086,10011
3086,10019
3086,10025
3086,10035
3086,10041
3086,10049
3086,10061
3086,10067
3086,10075
3086,10083
3086,10089
3086,10097
3086,10105
8,10109
972,10113
972,10123
972,10131
972,10143
972,10153
972,10159
972,10163
972,10175
972,10181
972,10191
8,10207
8,10215
102,10227
44,10229
44,10233
44,10251
44,10299
44,10303
44,10307
44,10317
44,10333
44,10345
44,10367
41,10389
41,10405
41,10427
44,10435
2985,10455
2985,10471
2985,10475
2985,10483
2985,10491
2985,10503
2985,10519
2985,10523
2985,10543
2985,10551
2985,10565
2985,10583
2985,10611
2985,10623
2985,10635
2985,10655
2985,10695
2985,10707
2985,10749
2985,10763
2985,10785
2985,10803
2985,10823
2985,10833
2985,10855
2985,10877
2985,10893
2985,10911
2985,10931
44,10959
2986,10961
2986,10979
2986,11001
2986,11025
2986,11055
2986,11075
2986,11085
2986,11105
2986,11125
2986,11137
2986,11167
2986,11173
2986,11195
2986,11223
2986,11259
44,11267
2986,11279
44,11281
2985,11291
44,11321
44,11337
2985,11351
44,11359
2985,11365
44,11367
2985,11381
44,11387
3026,11389
44,11401
3026,11403
44,11413
3026,11415
44,11437
2985,11443
3026,11449
44,11461
41,11465
44,11467
31,11469
31,11479
2985,11515
2985,11531
2985,11547
31,11561
2985,11597
2985,11629
44,11647
22,11649
22,11669
2985,11681
3026,11693
22,11727
2985,11731
22,11751
2985,11781
22,11787
44,11789
83,11791
83,11821
83,11847
2985,11869
83,11903
83,11915
44,11963
44,11999
30,12021
2985,12049
3026,12075
2999,12109
2999,12137
30,12149
87,12151
87,12177
87,12195
2985,12219
44,12245
69,12247
2985,12277
69,12301
2985,12313
44,12325
86,12341
3000,12377
86,12389
3000,12393
86,12403
44,12419
91,12421
44,12435
91,12437
91,12449
2985,12469
2985,12495
2985,12513
91,12531
2985,12549
91,12561
2985,12571
91,12609
91,12627
2985,12651
91,12679
44,12685
76,12687
76,12723
2985,12751
76,12767
2985,12781
76,12809
44,12865
7,12867
2985,12885
7,12923
2985,12925
7,12937
44,12955
113,12957
2985,12977
2985,13001
3026,13011
2985,13033
113,13041
2985,13045
113,13047
113,13049
44,13051
85,13053
2985,13073
44,13097
41,13099
2986,13123
41,13153
44,13155
102,13171
102,13185
102,13197
3004,13203
102,13209
3004,13211
3004,13223
102,13233
102,13241
3004,13251
3004,13279
102,13285
64,13289
3004,13311
64,13333
102,13351
61,13353
102,13377
49,13385
3004,13411
102,13445
62,13447
3004,13463
102,13465
3007,13497
3007,13525
102,13549
3008,13553
102,13569
3009,13571
3009,13599
102,13623
3009,13625
102,13627
3009,13629
102,13631
2201,13637
102,13651
3011,13653
102,13693
3012,13695
3012,13735
102,13755
3013,13757
102,13801
102,13819
3014,13821
102,13841
3014,13843
102,13845
102,13855
102,13857
3013,13873
102,13877
102,13881
102,13889
102,13893
102,13897
102,13907
102,13911
3078,13915
3078,13921
3078,13925
3078,13933
3078,13937
3078,13943
3078,13953
102,13963
102,13973
102,13983
102,13991
3078,13999
3078,14005
102,14015
102,14021
102,14025
102,14031
102,14047
3078,14051
3078,14059
102,14069
102,14075
102,14087
102,14097
3078,14107
64,14119
64,14123
64,14131
64,14139
3078,14151
3078,14159
3078,14167
3078,14179
3078,14191
64,14195
3078,14215
64,14227
64,14229
102,14231
102,14245
102,14255
102,14267
102,14277
102,14283
102,14291
102,14299
61,14305
61,14309
61,14315
61,14321
61,14327
61,14333
61,14341
61,14347
61,14353
61,14359
61,14367
61,14375
61,14379
61,14387
61,14391
61,14397
61,14403
61,14413
102,14417
3078,14431
49,14437
49,14445
49,14453
49,14469
3078,14477
3078,14485
3078,14491
49,14505
49,14515
49,14527
102,14539
102,14551
62,14559
62,14563
62,14567
62,14573
62,14581
102,14587
102,14591
102,14601
102,14609
102,14625
102,14633
102,14645
102,14653
102,14663
102,14681
102,14685
3089,14693
3089,14699
3089,14707
3089,14713
102,14721
102,14735
102,14741
102,14753
102,14761
102,14769
102,14783
60,14789
60,14793
60,14797
60,14801
60,14803
60,14807
60,14811
60,14817
60,14823
2985,14827
2985,14833
2985,14841
2985,14847
2985,14855
2985,14859
2985,14865
2985,14871
2985,14879
2985,14881
2985,14887
2985,14895
2985,14901
2985,14907
2985,14915
2985,14923
2985,14929
2985,14933
2985,14941
2985,14953
2985,14959
2985,14965
2985,14971
2985,14981
2985,14987
2985,14993
2985,15001
2985,15009
2985,15015
2985,15019
2985,15021
2985,15029
2985,15039
